board,pin_title,pin_description,pin_image_url,destination_url,topic_id
Feeding & Medication for Senior Dogs,Automatic Pet Feeders for Senior Dogs on Feeding Schedules,"Keeping a senior dog on a consistent feeding schedule can be challenging when arthritis, mobility issues, or your own unpredictable schedule gets in the way. An automatic pet feeder removes the guesswork and physical strain—both for you and your aging companion—by dispensing measured portions at set times throughout the day. Full picks and buying tips in the guide.",https://images.pexels.com/photos/8473447/pexels-photo-8473447.jpeg?cs=tinysrgb&w=1000&h=1500&fit=crop,https://seniorpawsguide.net/posts/automatic-feeders-senior-dogs-guide/,automatic-feeders-senior-dogs-guide
Grooming & Recovery for Senior Dogs,Cleansing Wipes for Senior Dogs with Incontinence or Sensitive Skin,"Senior dogs face a unique combination of physical and physiological challenges that make routine hygiene more complicated than it is for younger animals. As dogs age, their muscles weaken—including those that control bladder and bowel function—leading to incontinence that can occur during sleep, rest, or even while moving around the house. See all the options we'd actually recommend.",https://images.pexels.com/photos/31512023/pexels-photo-31512023/free-photo-of-resting-dog-on-cozy-blanket-in-sunlight.jpeg?cs=tinysrgb&w=1000&h=1500&fit=crop,https://seniorpawsguide.net/posts/cleansing-wipes-senior-dogs-guide/,cleansing-wipes-senior-dogs-guide
Grooming & Recovery for Senior Dogs,Dental Chews for Dogs by Weight: Picking the Right Size for Your Senior Dog,"Senior dogs often struggle with dental health due to weakened teeth and gums, making it harder for them to chew traditional, rock-hard dental chews without discomfort or risk of breakage. Plaque and tartar buildup accelerates in aging dogs, yet many seniors need gentler options that still deliver meaningful oral care. Full comparison and what to look for, in the guide.",https://images.pexels.com/photos/9280414/pexels-photo-9280414.jpeg?cs=tinysrgb&w=1000&h=1500&fit=crop,https://seniorpawsguide.net/posts/dental-chews-by-dog-weight-guide/,dental-chews-by-dog-weight-guide
Grooming & Recovery for Senior Dogs,Deshedding Brushes for Senior Dogs with Thinning or Sensitive Coats,"As your dog enters their senior years, grooming becomes less about aesthetics and more about comfort—matted fur can trap heat, irritate sensitive skin, and cause real pain during removal. A quality deshedding brush designed for aging dogs can reduce loose hair buildup, prevent painful tangles, and make grooming sessions gentler on both your pet and your own wrists and hands. Real picks for real senior dogs, in the guide.",https://images.pexels.com/photos/4148864/pexels-photo-4148864.jpeg?cs=tinysrgb&w=1000&h=1500&fit=crop,https://seniorpawsguide.net/posts/deshedding-brushes-senior-dogs-guide/,deshedding-brushes-senior-dogs-guide
Feeding & Medication for Senior Dogs,"Calming Aids for Anxious Senior Dogs: Chews, Wraps, and What to Try First","An older dog who suddenly starts pacing at night, panting during storms, or whining when left alone isn't being difficult — aging bodies and brains change how dogs handle stress, and arthritic joints can make every thunderclap or slammed door feel worse. Finding the right calming aid for an anxious senior dog often means testing a chew, a wrap, or both, since no single product works for every dog. Details, pros/cons, and our picks in the full guide.",https://images.pexels.com/photos/10117512/pexels-photo-10117512.jpeg?cs=tinysrgb&w=1000&h=1500&fit=crop,https://seniorpawsguide.net/posts/dog-calming-aids-senior-guide/,dog-calming-aids-senior-guide
Mobility & Comfort for Senior Dogs,Waterproof Car Seat Covers and Hammocks for Senior Dogs Who Ride Along,"Older dogs come with older-dog realities: stiff joints, occasional accidents, muddy paws that don't lift as high as they used to, and shedding that seems to intensify with age. A good seat cover won't fix any of that, but it can save your upholstery from the fallout — and picking the right style makes loading and unloading easier on a senior dog's body. Full picks and buying tips in the guide.",https://images.pexels.com/photos/16167945/pexels-photo-16167945.jpeg?cs=tinysrgb&w=1000&h=1500&fit=crop,https://seniorpawsguide.net/posts/dog-car-seat-covers-senior-guide/,dog-car-seat-covers-senior-guide
Mobility & Comfort for Senior Dogs,Warm Coats and Sweaters for Senior Dogs in Cold Weather,"Older dogs lose the ability to regulate their own body temperature nearly as efficiently as they did when they were young, and that shift matters more than most owners realize. Senior dogs typically carry less muscle mass and often less body fat in a stable, evenly distributed way, both of which act as natural insulation. See all the options we'd actually recommend.",https://images.pexels.com/photos/4062205/pexels-photo-4062205.jpeg?cs=tinysrgb&w=1000&h=1500&fit=crop,https://seniorpawsguide.net/posts/dog-coats-sweaters-senior-guide/,dog-coats-sweaters-senior-guide
Mobility & Comfort for Senior Dogs,Best Cooling Mats for Senior Dogs Who Overheat Easily,"As senior dogs age, their ability to regulate body temperature declines, and conditions like arthritis make it harder for them to seek shade or move to cooler spots. A quality cooling mat can provide comfortable relief during warm months and help an aging dog rest without overheating—especially when combined with proper hydration, shade, and veterinary care. Full comparison and what to look for, in the guide.",https://images.pexels.com/photos/12503321/pexels-photo-12503321.jpeg?cs=tinysrgb&w=1000&h=1500&fit=crop,https://seniorpawsguide.net/posts/dog-cooling-mats-senior-guide/,dog-cooling-mats-senior-guide
Feeding & Medication for Senior Dogs,Dental Water Additives for Senior Dogs Who Won't Tolerate Brushing,"Many senior dogs who fought brushing their whole lives aren't suddenly going to accept a toothbrush now, especially if their mouths are sore or sensitive. A dental water additive won't replace brushing, but it's often the most realistic daily habit for an older dog's water bowl when a toothbrush simply isn't happening. Real picks for real senior dogs, in the guide.",https://images.pexels.com/photos/790616/pexels-photo-790616.jpeg?cs=tinysrgb&w=1000&h=1500&fit=crop,https://seniorpawsguide.net/posts/dog-dental-water-additives-guide/,dog-dental-water-additives-guide
Grooming & Recovery for Senior Dogs,Dog Diapers and Belly Bands for Senior Dogs with Incontinence,"Senior dogs struggling with incontinence deserve a practical, dignified solution—and dog diapers and belly bands can provide real relief for both your pet and your home. Details, pros/cons, and our picks in the full guide.",https://images.pexels.com/photos/36799897/pexels-photo-36799897/free-photo-of-cozy-beagle-relaxing-on-a-soft-blanket.jpeg?cs=tinysrgb&w=1000&h=1500&fit=crop,https://seniorpawsguide.net/posts/dog-diapers-belly-bands-guide/,dog-diapers-belly-bands-guide
Grooming & Recovery for Senior Dogs,Ear Cleaning Solutions for Senior Dogs Prone to Infections,"Senior dogs face a particular vulnerability when it comes to ear health. As dogs age, their immune systems weaken, their skin becomes more fragile, and conditions like arthritis make it harder for them to shake their heads, scratch their ears naturally, or even allow their owners to handle their ears comfortably during cleaning. Full picks and buying tips in the guide.",https://images.pexels.com/photos/15983107/pexels-photo-15983107/free-photo-of-basset-hound-close-up.jpeg?cs=tinysrgb&w=1000&h=1500&fit=crop,https://seniorpawsguide.net/posts/dog-ear-cleaning-solutions-senior-dogs-guide/,dog-ear-cleaning-solutions-senior-dogs-guide
Grooming & Recovery for Senior Dogs,Dog Eye Wipes for Senior Dogs with Tear Stains and Discharge,"An older dog who spends more time napping and less time grooming often develops crusty buildup or reddish-brown tear stains around the eyes, and stiff joints or achy hips can make a senior dog less tolerant of a long face-cleaning session. A good eye wipe should be gentle, quick to use, and easy to hold for a dog that would rather not sit still. See all the options we'd actually recommend.",https://images.pexels.com/photos/144608/pexels-photo-144608.jpeg?cs=tinysrgb&w=1000&h=1500&fit=crop,https://seniorpawsguide.net/posts/dog-eye-wipes-tear-stain-guide/,dog-eye-wipes-tear-stain-guide
Feeding & Medication for Senior Dogs,Fish Oil and Omega-3 Supplements for Senior Dogs: Liquids vs. Chews,"As dogs get older, stiff mornings, duller coats, and slower walks become part of daily life, prompting many owners to look for supplements that support overall wellness alongside whatever their veterinarian has already recommended. Full comparison and what to look for, in the guide.",https://images.pexels.com/photos/30810890/pexels-photo-30810890.jpeg?cs=tinysrgb&w=1000&h=1500&fit=crop,https://seniorpawsguide.net/posts/dog-fish-oil-omega-3-senior-guide/,dog-fish-oil-omega-3-senior-guide
Feeding & Medication for Senior Dogs,Food Toppers to Tempt Picky Senior Dogs at Mealtime,"When an older dog starts turning up its nose at a food bowl that used to get emptied in seconds, it's a frustrating and sometimes worrying change for any owner. Food toppers are one of the most common fixes owners try first, but picking the right one — and understanding when a topper isn't actually the answer — takes a little more thought. Real picks for real senior dogs, in the guide.",https://images.pexels.com/photos/30070537/pexels-photo-30070537.jpeg?cs=tinysrgb&w=1000&h=1500&fit=crop,https://seniorpawsguide.net/posts/dog-food-toppers-picky-seniors-guide/,dog-food-toppers-picky-seniors-guide
Mobility & Comfort for Senior Dogs,Dog Knee Braces and Leg Braces for Senior Dogs with Arthritis or Joint Injuries,"Watching your senior dog struggle to climb stairs or hesitate before jumping on the couch is heartbreaking—and often a sign that joint pain, arthritis, or a past injury is catching up with them. A dog knee brace or leg brace can provide immediate support, reduce limping, and help your aging companion stay mobile and comfortable for longer. Details, pros/cons, and our picks in the full guide.",https://images.pexels.com/photos/35127942/pexels-photo-35127942/free-photo-of-close-up-of-a-senior-mixed-breed-dog-outdoors.jpeg?cs=tinysrgb&w=1000&h=1500&fit=crop,https://seniorpawsguide.net/posts/dog-knee-leg-braces-guide/,dog-knee-leg-braces-guide
Mobility & Comfort for Senior Dogs,Lift Harnesses and Support Slings for Senior Dogs Who Need Help Standing and Climbing,"A dog that once bounded up the porch steps without a second thought can, over months or years, turn a simple flight of stairs into a hesitant, wobbly ordeal. This shift is one of the more quietly heartbreaking parts of caring for an aging dog. Full picks and buying tips in the guide.",https://images.pexels.com/photos/36192733/pexels-photo-36192733.jpeg?cs=tinysrgb&w=1000&h=1500&fit=crop,https://seniorpawsguide.net/posts/dog-lift-harness-slings-guide/,dog-lift-harness-slings-guide
Grooming & Recovery for Senior Dogs,Soft Nail Caps for Senior Dogs Who Won't Tolerate Nail Trims,"Many senior dogs reach a point where the sound of nail clippers sends them into a panic, whether from past pain, arthritis that makes paw-handling uncomfortable, or simply a lifetime of disliking the process. Soft nail caps are one option owners research as a lower-stress alternative to trimming, and this FAQ walks through the practical questions that come up before buying a set. See all the options we'd actually recommend.",https://images.pexels.com/photos/5706430/pexels-photo-5706430.jpeg?cs=tinysrgb&w=1000&h=1500&fit=crop,https://seniorpawsguide.net/posts/dog-nail-caps-senior-guide/,dog-nail-caps-senior-guide
Mobility & Comfort for Senior Dogs,LED Collars and Reflective Gear for Senior Dogs with Fading Vision or Hearing,"A senior dog wandering into the yard at dusk presents a problem that most owners don't fully appreciate until it happens: an aging dog with cloudy eyes or dulled hearing doesn't respond to a called name the way it used to, and it doesn't always see the porch steps, the garden edge, or the family car pulling into the driveway. Full comparison and what to look for, in the guide.",https://images.pexels.com/photos/9711622/pexels-photo-9711622.jpeg?cs=tinysrgb&w=1000&h=1500&fit=crop,https://seniorpawsguide.net/posts/dog-night-safety-lights-senior-guide/,dog-night-safety-lights-senior-guide
Grooming & Recovery for Senior Dogs,Paw Balms for Senior Dogs with Dry or Cracked Paw Pads,"Many senior dogs end up with dry or cracked paw pads, especially if they walk stiffly or spend a lot of time on hard floors. A paw balm won't fix an underlying joint or skin problem, but it is a simple way to moisturize and protect the pads themselves. This guide compares four widely used paw balms to help you figure out which formula and format fits your senior dog's routine. Real picks for real senior dogs, in the guide.",https://images.pexels.com/photos/25078644/pexels-photo-25078644.jpeg?cs=tinysrgb&w=1000&h=1500&fit=crop,https://seniorpawsguide.net/posts/dog-paw-balms-senior-guide/,dog-paw-balms-senior-guide
Feeding & Medication for Senior Dogs,Pumpkin and Fiber Supplements for Senior Dog Digestive Regularity,"As dogs age, digestive regularity often gets less predictable — arthritis and reduced activity can slow things down, medications can upset stool consistency, and a senior gut simply doesn't process food the way it did at two years old. Details, pros/cons, and our picks in the full guide.",https://images.pexels.com/photos/3051528/pexels-photo-3051528.jpeg?cs=tinysrgb&w=1000&h=1500&fit=crop,https://seniorpawsguide.net/posts/dog-pumpkin-fiber-supplements-guide/,dog-pumpkin-fiber-supplements-guide
Mobility & Comfort for Senior Dogs,Puzzle Toys and Enrichment for Senior Dogs Slowing Down Mentally,"When an older dog starts sleeping more, moving slower, and showing less interest in the world around it, it's easy to write that off as simple aging. But the brain, like the joints, benefits from continued use. Full picks and buying tips in the guide.",https://images.pexels.com/photos/16179833/pexels-photo-16179833/free-photo-of-close-up-of-white-dog-sniffing.jpeg?cs=tinysrgb&w=1000&h=1500&fit=crop,https://seniorpawsguide.net/posts/dog-puzzle-enrichment-toys-senior-guide/,dog-puzzle-enrichment-toys-senior-guide
Mobility & Comfort for Senior Dogs,Best Dog Ramps for Cars and SUVs (Senior & Large Dogs),"Climbing in and out of a car is one of the first activities that becomes painful for senior dogs and large breeds dealing with arthritis, joint strain, or mobility issues. A quality dog ramp eliminates the impact and struggle of jumping, protecting aging joints while keeping your pet independent and confident. See all the options we'd actually recommend.",https://images.pexels.com/photos/37311086/pexels-photo-37311086/free-photo-of-golden-dog-next-to-vehicle-at-dawn-outdoors.jpeg?cs=tinysrgb&w=1000&h=1500&fit=crop,https://seniorpawsguide.net/posts/dog-ramps-for-car-guide/,dog-ramps-for-car-guide
Mobility & Comfort for Senior Dogs,Dog Stairs vs Ramps for Getting on the Bed: A Senior Dog Owner's Guide,"For many senior dogs, jumping onto a bed—once an effortless part of their daily routine—becomes a source of strain and pain. Arthritis, joint degradation, and general loss of muscle tone make that 18- to 30-inch leap a risky proposition that can result in missed jumps, hard landings, or avoided bed time altogether. The problem isn't just about comfort; it's about maintaining mobility and preventing injury. Full comparison and what to look for, in the guide.",https://images.pexels.com/photos/5482781/pexels-photo-5482781.jpeg?cs=tinysrgb&w=1000&h=1500&fit=crop,https://seniorpawsguide.net/posts/dog-stairs-for-bed-guide/,dog-stairs-for-bed-guide
Grooming & Recovery for Senior Dogs,Dog Toothbrush and Toothpaste Kits for Senior Dogs: What to Buy and How to Start,"Older dogs often need a gentler, more deliberate approach to brushing than younger dogs, since senior mouths are more likely to carry sensitive gums, worn enamel, or existing dental issues. This FAQ walks through the practical questions people ask when shopping for dog toothpaste and toothbrush for senior dogs, from what to buy to how to actually get started. Real picks for real senior dogs, in the guide.",https://images.pexels.com/photos/4588018/pexels-photo-4588018.jpeg?cs=tinysrgb&w=1000&h=1500&fit=crop,https://seniorpawsguide.net/posts/dog-toothbrush-dental-kits-guide/,dog-toothbrush-dental-kits-guide
Feeding & Medication for Senior Dogs,Best Dog Water Fountains to Keep Senior Dogs Hydrated,"Senior dogs often struggle to stay hydrated due to arthritis, mobility issues, or reduced motivation to drink from static bowls—problems that can lead to urinary tract infections, kidney disease, and other serious health complications. A dog water fountain encourages natural drinking behavior by providing flowing water, which many dogs find more appealing and easier to access. Details, pros/cons, and our picks in the full guide.",https://images.pexels.com/photos/8132361/pexels-photo-8132361.jpeg?cs=tinysrgb&w=1000&h=1500&fit=crop,https://seniorpawsguide.net/posts/dog-water-fountains-senior-dogs-guide/,dog-water-fountains-senior-dogs-guide
Mobility & Comfort for Senior Dogs,Dog Wheelchairs and Mobility Carts: A Guide for Senior Dogs with Limited Leg Function,Watching a senior dog struggle to stand up or drag their hind legs across the floor is heartbreaking for any pet owner—and it signals that something significant has changed in their mobility and quality of life. Full picks and buying tips in the guide.,https://images.pexels.com/photos/36074841/pexels-photo-36074841/free-photo-of-dog-with-wheelchair-on-sunny-lawn.jpeg?cs=tinysrgb&w=1000&h=1500&fit=crop,https://seniorpawsguide.net/posts/dog-wheelchairs-mobility-carts-guide/,dog-wheelchairs-mobility-carts-guide
Feeding & Medication for Senior Dogs,Best Elevated Dog Bowls for Dogs with Arthritis: FAQ + Picks,"Dogs with arthritis benefit significantly from reduced strain on their joints, and elevated dog bowls can play a meaningful role in their daily comfort. By bringing food and water to a more natural eating height, these feeders help minimize neck flexion and spinal stress—particularly important for senior dogs or breeds predisposed to joint issues. See all the options we'd actually recommend.",https://images.pexels.com/photos/9429165/pexels-photo-9429165.jpeg?cs=tinysrgb&w=1000&h=1500&fit=crop,https://seniorpawsguide.net/posts/elevated-dog-bowls-arthritis-guide/,elevated-dog-bowls-arthritis-guide
Grooming & Recovery for Senior Dogs,"Enzyme Cleaners for Senior Dog Urine Accidents on Carpet, Floors, and Bedding","When an aging dog starts having accidents on the carpet or bedding, the mess is only half the problem — leftover odor can pull the dog back to the same spot again and again. An enzyme cleaner is meant to break down the uric acid and bacteria causing that smell rather than just masking it, which matters even more in a household managing a senior dog's changing bladder control. Full comparison and what to look for, in the guide.",https://images.pexels.com/photos/4107257/pexels-photo-4107257.jpeg?cs=tinysrgb&w=1000&h=1500&fit=crop,https://seniorpawsguide.net/posts/enzyme-urine-cleaners-senior-dogs-guide/,enzyme-urine-cleaners-senior-dogs-guide
Mobility & Comfort for Senior Dogs,Best Heated Dog Beds for Senior Dogs with Arthritis,"Aging dogs with arthritis often struggle to find comfortable resting positions, especially during cold months or in poorly insulated spaces—leaving owners feeling helpless as their pets limp and struggle to settle. A heated dog bed designed for senior dogs can ease joint stiffness, reduce pain, and help arthritic pets sleep more soundly throughout the night. Real picks for real senior dogs, in the guide.",https://images.pexels.com/photos/31035364/pexels-photo-31035364/free-photo-of-adorable-dog-snuggled-under-soft-blanket.jpeg?cs=tinysrgb&w=1000&h=1500&fit=crop,https://seniorpawsguide.net/posts/heated-dog-beds-guide/,heated-dog-beds-guide
Grooming & Recovery for Senior Dogs,Nail Clippers and Grinders for Senior Dogs with Thick or Brittle Nails,"Nail care becomes significantly more challenging as dogs age, especially when arthritis, thick nails, or brittle keratin make traditional clipping painful for both pet and owner. Senior dogs are prone to overgrown nails that can curve into paw pads, alter gait, and compound joint problems—yet many standard clippers either slip on thick nails or require excessive hand strength. Details, pros/cons, and our picks in the full guide.",https://images.pexels.com/photos/10945113/pexels-photo-10945113.jpeg?cs=tinysrgb&w=1000&h=1500&fit=crop,https://seniorpawsguide.net/posts/nail-clippers-grinders-senior-dogs-guide/,nail-clippers-grinders-senior-dogs-guide
Mobility & Comfort for Senior Dogs,How to Stop a Senior Dog from Slipping on Hardwood Floors,"Senior dogs often struggle with slipping and sliding on hardwood floors, which can lead to falls, injuries, and anxiety about movement. Finding an effective non-slip floor solution for senior dogs is essential to keeping them safe, comfortable, and confident in their own homes. Full picks and buying tips in the guide.",https://images.pexels.com/photos/30729230/pexels-photo-30729230/free-photo-of-adorable-english-setter-dog-on-wooden-floor.jpeg?cs=tinysrgb&w=1000&h=1500&fit=crop,https://seniorpawsguide.net/posts/non-slip-flooring-senior-dogs-guide/,non-slip-flooring-senior-dogs-guide
Mobility & Comfort for Senior Dogs,7 Best Orthopedic Dog Beds for Senior Dogs with Joint Pain,"As dogs get older, a lot of them start avoiding the same spots on the floor they used to sleep on for hours. That's often not pickiness — it's joint pain. A firm, supportive orthopedic bed made from real structured foam (not just a fluffy cushion) can noticeably reduce the pressure on hips, elbows, and shoulders, especially for dogs recovering from surgery or living with arthritis. See all the options we'd actually recommend.",https://images.pexels.com/photos/36198590/pexels-photo-36198590/free-photo-of-sleeping-dog-on-bed-with-relaxing-atmosphere.jpeg?cs=tinysrgb&w=1000&h=1500&fit=crop,https://seniorpawsguide.net/posts/orthopedic-dog-beds-senior-guide/,orthopedic-dog-beds-senior-guide
Mobility & Comfort for Senior Dogs,Pet Gates for Blocking Stairs and Keeping Senior Dogs Safe at Home,"For a senior or arthritic dog, stairs can turn from a minor obstacle into a real safety hazard — a slip near the top of a staircase or a stumble navigating steps alone can lead to serious injury. A well-placed pet gate helps block off dangerous stairways and gives owners peace of mind without requiring a full remodel of the home. Full comparison and what to look for, in the guide.",https://images.pexels.com/photos/37530316/pexels-photo-37530316/free-photo-of-brown-and-white-dogs-behind-a-gate-outdoors.jpeg?cs=tinysrgb&w=1000&h=1500&fit=crop,https://seniorpawsguide.net/posts/pet-gates-stairs-senior-dogs-guide/,pet-gates-stairs-senior-dogs-guide
Feeding & Medication for Senior Dogs,Pill Dispensers and Medicine Syringes for Senior Dogs on Daily Medication,"Getting a senior dog to take their daily medications can feel like a small battle every single day. As dogs age, especially those dealing with arthritis, joint pain, or chronic conditions, veterinarians often prescribe ongoing medications—sometimes multiple pills or doses per day. Real picks for real senior dogs, in the guide.",https://images.pexels.com/photos/30556345/pexels-photo-30556345/free-photo-of-rescue-dog-being-comforted-by-caregiver.jpeg?cs=tinysrgb&w=1000&h=1500&fit=crop,https://seniorpawsguide.net/posts/pill-dispensers-medicine-syringes-senior-dogs-guide/,pill-dispensers-medicine-syringes-senior-dogs-guide
Feeding & Medication for Senior Dogs,How to Give a Picky Senior Dog Pills or Supplements (Without a Fight),"Getting a senior dog to swallow a pill or supplement shouldn't turn into a daily standoff, yet for owners of picky eaters, it often does. The challenge becomes especially pressing when medications are essential—whether it's a joint supplement for arthritis, a monthly parasite preventative, or a prescription medication that can't be skipped. Details, pros/cons, and our picks in the full guide.",https://images.pexels.com/photos/27175967/pexels-photo-27175967/free-photo-of-woman-hand-feeding-dog.jpeg?cs=tinysrgb&w=1000&h=1500&fit=crop,https://seniorpawsguide.net/posts/pill-hiding-treats-picky-dogs-guide/,pill-hiding-treats-picky-dogs-guide
Feeding & Medication for Senior Dogs,Joint Supplements for Senior Dogs: What to Look for Before You Buy,"As dogs enter their senior years, the wear and tear on their joints becomes increasingly visible. What once was a sprightly bound up the stairs might become a careful, deliberate climb. A reluctance to jump into the car, stiffness after rest, or visible limping—these are signs that joint cartilage has thinned and inflammation has set in. Full picks and buying tips in the guide.",https://images.pexels.com/photos/36314924/pexels-photo-36314924/free-photo-of-elderly-dog-strolling-in-sunny-park.jpeg?cs=tinysrgb&w=1000&h=1500&fit=crop,https://seniorpawsguide.net/posts/senior-dog-joint-supplements-guide/,senior-dog-joint-supplements-guide
Feeding & Medication for Senior Dogs,Probiotics and Digestive Supplements for Senior Dogs with Sensitive Stomachs,"As dogs age, their digestive systems become more sensitive and less efficient at breaking down food and absorbing nutrients. For senior dogs—typically those over seven years old—this natural decline in digestive resilience often shows up as loose stools, gas, inconsistent appetite, or visible discomfort after meals. See all the options we'd actually recommend.",https://images.pexels.com/photos/6568950/pexels-photo-6568950.jpeg?cs=tinysrgb&w=1000&h=1500&fit=crop,https://seniorpawsguide.net/posts/senior-dog-probiotics-guide/,senior-dog-probiotics-guide
Mobility & Comfort for Senior Dogs,Dog Strollers for Senior Dogs Who Can't Walk as Far as They Used To,"Senior dogs often retain their love of outdoor exploration and neighborhood sniffing long after their bodies stop cooperating with multi-mile walks. Arthritis, joint pain, muscle weakness, and simple fatigue can make a 30-minute stroll feel exhausting by the halfway point—but a senior dog still craves that mental stimulation, fresh air, and the comfort of staying close to their owner during daily adventures. Full comparison and what to look for, in the guide.",https://images.pexels.com/photos/30655024/pexels-photo-30655024/free-photo-of-cute-dog-in-stroller-on-urban-pathway.jpeg?cs=tinysrgb&w=1000&h=1500&fit=crop,https://seniorpawsguide.net/posts/senior-dog-strollers-guide/,senior-dog-strollers-guide
Grooming & Recovery for Senior Dogs,Best Medicated Shampoos for Dogs with Sensitive Skin,"Dogs with sensitive skin—especially aging or arthritic companions that struggle to groom themselves effectively—often suffer from persistent itching, bacterial or fungal infections, and inflamed patches that worsen without proper care. Real picks for real senior dogs, in the guide.",https://images.pexels.com/photos/19145888/pexels-photo-19145888/free-photo-of-dog-in-bath.jpeg?cs=tinysrgb&w=1000&h=1500&fit=crop,https://seniorpawsguide.net/posts/sensitive-skin-dog-shampoo-guide/,sensitive-skin-dog-shampoo-guide
Feeding & Medication for Senior Dogs,Slow Feeder Bowls for Senior Dogs Who Eat Too Fast,"Senior dogs who eat too fast face real health risks—from vomiting and choking to uncomfortable bloat-like sensations—especially as their digestive systems become more sensitive with age. A slow feeder bowl addresses the root cause of rapid eating by using maze-like patterns or barriers to physically slow down food consumption, making it a practical solution that works alongside any diet a dog is already eating. Details, pros/cons, and our picks in the full guide.",https://images.pexels.com/photos/8057552/pexels-photo-8057552.jpeg?cs=tinysrgb&w=1000&h=1500&fit=crop,https://seniorpawsguide.net/posts/slow-feeder-bowls-senior-dogs-guide/,slow-feeder-bowls-senior-dogs-guide
Grooming & Recovery for Senior Dogs,Soft Recovery Collar Alternatives to the Plastic Dog Cone,"The rigid plastic cone has long been the standard tool for preventing dogs from licking or scratching post-surgery wounds and eye irritation, but it comes with real drawbacks—especially for senior dogs, breeds with prominent eyes, or pets prone to ear chafing from the hard edges. Full picks and buying tips in the guide.",https://images.pexels.com/photos/18604343/pexels-photo-18604343/free-photo-of-dog-in-elizabethan-collar-medical-device.jpeg?cs=tinysrgb&w=1000&h=1500&fit=crop,https://seniorpawsguide.net/posts/soft-recovery-collar-guide/,soft-recovery-collar-guide
Grooming & Recovery for Senior Dogs,Washable Pee Pads and Waterproof Blankets for Senior Dogs with Accidents,"A senior dog that starts having accidents in the house isn't being difficult, and it isn't ""forgetting"" its training. In most cases, the body is simply working against it. Arthritis and general joint stiffness make it harder to get up quickly, get down stairs, or hold a position long enough to signal that a trip outside is needed. See all the options we'd actually recommend.",https://images.pexels.com/photos/32743044/pexels-photo-32743044.jpeg?cs=tinysrgb&w=1000&h=1500&fit=crop,https://seniorpawsguide.net/posts/washable-pee-pads-waterproof-blankets-guide/,washable-pee-pads-waterproof-blankets-guide
